 8476.5879,   -1.8558,   -0.8008,    0.0000,    0.0000,    0.0000,    0.0000,    0.0000,    0.0000,    0.0000,    0.0000,    0.0000,    0.0000,    0.0030,    0.0830
 8476.8584,   -1.8711,   -0.9448,    0.2216,    0.0104,    0.0197,    0.0018,    0.0105,    0.0196,    0.0023,    0.0018,    0.0019,    0.0014,    0.0110,    0.0830
 8477.0977,   -1.8516,   -0.9014,    0.1945,    0.0306,    0.0200,    0.0050,    0.0307,    0.0198,    0.0052,    0.0061,    0.0019,    0.0020,    0.0030,    0.0750
 8477.3477,   -1.8624,   -0.8993,    0.1782,    0.0422,   -0.0026,    0.0075,    0.0423,   -0.0030,    0.0067,    0.0154,    0.0021,    0.0032,    0.0140,    0.0850
 8477.5977,   -1.8638,   -0.9421,    0.1871,    0.0396,   -0.0045,    0.0077,    0.0397,   -0.0049,    0.0068,    0.0254,    0.0025,    0.0051,    0.0060,    0.0770
 8477.8682,   -1.9026,   -0.9905,    0.2389,    0.0428,   -0.0025,    0.0106,    0.0430,   -0.0030,    0.0097,    0.0361,    0.0023,    0.0074,    0.0010,    0.0820
 8478.1084,   -1.9101,   -0.9797,    0.2210,    0.0532,    0.0012,    0.0112,    0.0534,    0.0006,    0.0103,    0.0473,    0.0020,    0.0095,    0.0210,    0.0850
 8478.3379,   -1.9034,   -0.9859,    0.2137,    0.0592,   -0.0007,    0.0108,    0.0593,   -0.0012,    0.0097,    0.0605,    0.0018,    0.0118,    0.0130,    0.0850
 8478.5977,   -1.9158,   -0.9895,    0.2344,    0.0629,   -0.0036,    0.0126,    0.0631,   -0.0042,    0.0114,    0.0756,    0.0009,    0.0146,    0.0070,    0.0830
 8478.8584,   -1.8924,   -1.0086,    0.2136,    0.0668,   -0.0045,    0.0130,    0.0670,   -0.0051,    0.0117,    0.0918,    0.0000,    0.0178,    0.0130,    0.0820
 8479.0977,   -1.9107,   -0.9905,    0.2124,    0.0749,   -0.0032,    0.0142,    0.0751,   -0.0039,    0.0128,    0.1090,   -0.0018,    0.0206,    0.0040,    0.0830
 8479.3477,   -1.9280,   -0.9890,    0.2178,    0.0720,   -0.0107,    0.0125,    0.0722,   -0.0113,    0.0109,    0.1275,   -0.0040,    0.0238,    0.0100,    0.0850
 8479.5977,   -1.9114,   -1.0099,    0.2269,    0.0898,   -0.0150,    0.0144,    0.0900,   -0.0158,    0.0123,    0.1479,   -0.0065,    0.0274,    0.0110,    0.0720
 8479.8682,   -1.9152,   -1.0435,    0.2316,    0.0975,   -0.0148,    0.0150,    0.0977,   -0.0157,    0.0127,    0.1739,   -0.0099,    0.0314,    0.0110,    0.0820
 8480.0977,   -1.9047,   -1.1025,    0.2612,    0.1193,   -0.0152,    0.0153,    0.1195,   -0.0161,    0.0125,    0.1994,   -0.0131,    0.0352,    0.0120,    0.0820
 8480.3584,   -1.8876,   -1.1249,    0.2637,    0.1371,   -0.0166,    0.0167,    0.1373,   -0.0177,    0.0134,    0.2334,   -0.0176,    0.0394,    0.0300,    0.0760
 8480.5977,   -1.8253,   -1.0980,    0.1763,    0.2474,   -0.0302,    0.0153,    0.2475,   -0.0312,    0.0095,    0.2750,   -0.0220,    0.0438,    0.0450,    0.0750
 8480.8584,   -1.5258,   -0.9474,    0.1847,    0.8441,    0.0030,    0.0285,    0.8444,   -0.0001,    0.0145,    0.4152,   -0.0233,    0.0498,    0.2510,    0.0710
 8481.1084,   -1.4860,   -1.2299,    0.3387,    0.9326,    0.0215,    0.0045,    0.9326,    0.0164,   -0.0151,    0.6524,   -0.0241,    0.0567,    0.8130,    0.0850
 8481.3477,   -1.3573,   -0.7964,    0.3864,    0.9292,    0.0332,   -0.0035,    0.9293,    0.0273,   -0.0158,    0.8757,   -0.0271,    0.0612,    0.7520,    0.0740
 8481.6377,   -1.3571,   -0.3361,    0.3287,    1.0005,    0.0343,   -0.0019,    1.0007,    0.0288,   -0.0071,    1.1522,   -0.0340,    0.0669,    0.8000,    0.0730
 8481.8682,   -0.7435,   -0.4137,    0.8219,    1.1699,    0.0121,    0.0015,    1.1700,   -0.0046,   -0.0070,    1.4076,   -0.0286,    0.0740,    0.9890,    0.0630
 8482.0879,   -0.2936,   -0.1141,    1.2845,    1.3394,   -0.0546,    0.0646,    1.3379,   -0.0849,    0.0615,    1.6812,   -0.0224,    0.0798,    1.1290,    0.0690
 8482.3477,   -0.9543,   -0.6076,    0.5890,    1.4524,    0.0756,    0.0147,    1.4532,    0.0606,    0.0003,    2.0462,   -0.0397,    0.0924,    1.3070,    0.0820
 8482.5977,   -1.1831,   -0.6572,    0.8712,    1.4357,    0.0114,    0.0053,    1.4356,   -0.0102,   -0.0114,    2.4120,   -0.0438,    0.1034,    1.4180,    0.0780
 8482.8477,   -1.1514,   -0.4848,    0.7900,    1.4365,    0.0032,    0.0930,    1.4372,   -0.0182,    0.0805,    2.7760,   -0.0479,    0.1119,    1.3610,    0.0710
 8483.0977,   -1.4479,   -0.5424,    1.0095,    1.4051,   -0.0172,   -0.0219,    1.4044,   -0.0411,   -0.0362,    3.1444,   -0.0559,    0.1202,    1.3890,    0.0800
 8483.3477,   -1.1620,   -0.4763,    2.6319,    1.4621,   -0.0240,    0.0536,    1.4599,   -0.0919,    0.0396,    3.5068,   -0.0418,    0.1273,    1.3870,    0.0790
 8483.5879,   -0.9199,   -1.0968,    2.4734,    1.4867,    0.0560,    0.0700,    1.4888,   -0.0089,    0.0413,    3.8624,   -0.0322,    0.1375,    1.3870,    0.0710
 8483.8584,   -0.6207,   -0.4295,    1.3287,    1.4746,   -0.0423,    0.0542,    1.4735,   -0.0770,    0.0424,    4.2555,   -0.0311,    0.1445,    1.3750,    0.0760
 8484.0977,   -0.2973,   -0.7069,    0.5713,    1.5552,   -0.0755,    0.0772,    1.5552,   -0.0913,    0.0575,    4.6156,   -0.0350,    0.1543,    1.3580,    0.0810
 8484.3584,   -0.2365,   -0.3281,    0.5551,    1.5337,   -0.1152,    0.0716,    1.5329,   -0.1303,    0.0622,    5.0109,   -0.0442,    0.1593,    1.4140,    0.0830
 8484.5977,   -0.1029,   -0.5839,   -0.2927,    1.4897,   -0.0147,    0.0300,    1.4899,   -0.0071,    0.0148,    5.3787,   -0.0587,    0.1681,    1.4180,    0.0790
 8484.8584,   -1.0357,   -0.9001,   -0.6930,    1.4336,   -0.1268,   -0.0974,    1.4333,   -0.1073,   -0.1219,    5.7842,   -0.0874,    0.1752,    1.4500,    0.0750
 8485.0977,   -0.4023,   -0.1120,   -0.9201,    1.6047,   -0.0084,    0.0072,    1.6047,    0.0174,    0.0042,    6.1584,   -0.0988,    0.1710,    1.4090,    0.0810
 8485.3477,   -1.3057,   -0.7506,   -0.9022,    1.5453,   -0.1412,   -0.0674,    1.5463,   -0.1149,   -0.0903,    6.5650,   -0.1286,    0.1659,    1.5480,    0.0840
 8485.5879,   -0.6229,    0.1295,    0.5756,    1.5867,    0.1188,    0.0535,    1.5877,    0.1022,    0.0582,    6.9299,   -0.1278,    0.1568,    1.4760,    0.0780
 8485.8584,   -0.1719,    0.1255,    1.1076,    1.5453,    0.0052,   -0.0458,    1.5452,   -0.0245,   -0.0425,    7.3448,   -0.1271,    0.1512,    1.4990,    0.0740
 8486.0977,   -0.7945,    0.1577,    0.0624,    1.5094,    0.0242,   -0.0517,    1.5095,    0.0232,   -0.0472,    7.7084,   -0.1501,    0.1462,    1.4240,    0.0870
 8486.3477,   -1.3617,   -0.4638,    0.2249,    1.5582,   -0.0704,   -0.0476,    1.5575,   -0.0751,   -0.0620,    8.0950,   -0.1679,    0.1380,    1.4290,    0.0810
 8486.5977,   -1.2966,    0.0241,    0.7020,    1.4648,   -0.1379,   -0.0232,    1.4630,   -0.1553,   -0.0261,    8.4705,   -0.1770,    0.1273,    1.4560,    0.0890
 8486.8477,   -0.3902,   -0.7331,   -0.6480,    1.5155,   -0.0613,    0.0740,    1.5169,   -0.0445,    0.0543,    8.8388,   -0.1875,    0.1302,    1.3030,    0.0790
 8487.0977,   -1.3794,   -1.8098,   -0.3629,    1.3587,    0.0154,   -0.0744,    1.3555,    0.0268,   -0.1167,    9.2013,   -0.2172,    0.1321,    1.3560,    0.0750
 8487.3379,   -1.4964,    0.4062,    0.5828,    1.4267,   -0.0260,    0.0306,    1.4261,   -0.0416,    0.0397,    9.5479,   -0.2255,    0.1269,    1.3740,    0.0790
 8487.5977,   -0.2752,   -0.2052,    0.5021,    1.4357,   -0.1026,   -0.1095,    1.4343,   -0.1146,   -0.1152,    9.9356,   -0.2246,    0.1161,    1.3780,    0.0790
 8487.8584,   -1.1368,    0.7952,    1.1675,    1.3230,   -0.1058,   -0.1275,    1.3222,   -0.1305,   -0.1117,   10.3076,   -0.2483,    0.0940,    1.3450,    0.0840
 8488.0977,   -0.2389,    0.2944,    1.4916,    1.5140,    0.2479,   -0.0636,    1.5203,    0.2086,   -0.0550,   10.6572,   -0.2430,    0.0858,    1.3150,    0.0850
 8488.3477,   -0.5936,   -0.7797,    0.5808,    1.4565,   -0.0469,    0.0188,    1.4560,   -0.0616,   -0.0017,   11.0256,   -0.2593,    0.0769,    1.3000,    0.0810
 8488.5977,    0.1521,   -0.5130,    0.9356,    1.4227,   -0.1184,   -0.0456,    1.4202,   -0.1418,   -0.0579,   11.3904,   -0.2606,    0.0700,    1.3990,    0.0840
 8488.8584,    0.0516,    0.1579,    0.9338,    1.5076,   -0.0949,   -0.0143,    1.5059,   -0.1195,   -0.0101,   11.7794,   -0.2768,    0.0654,    1.3770,    0.0890
 8489.0879,   -0.4343,   -0.3050,    1.3268,    1.4367,   -0.0056,    0.0027,    1.4362,   -0.0389,   -0.0053,   12.1172,   -0.2921,    0.0628,    1.3800,    0.0870
 8489.3477,   -0.1737,   -0.6789,    1.2500,    1.4337,   -0.0458,   -0.0074,    1.4322,   -0.0770,   -0.0246,   12.4929,   -0.2996,    0.0597,    1.3450,    0.0810
 8489.5977,    0.1416,   -0.2858,    1.2914,    1.5259,   -0.0511,    0.0122,    1.5244,   -0.0854,    0.0048,   12.8581,   -0.3067,    0.0542,    1.3510,    0.0800
 8489.8584,    0.5889,   -0.7286,    1.0946,    1.4905,   -0.0844,   -0.0077,    1.4884,   -0.1131,   -0.0254,   13.2506,   -0.3143,    0.0513,    1.3930,    0.0890
 8490.0977,   -0.0071,   -1.6675,    1.1645,    1.4217,   -0.0300,   -0.0002,    1.4202,   -0.0588,   -0.0415,   13.6106,   -0.3365,    0.0531,    1.3630,    0.0830
 8490.3379,    0.3828,   -0.8125,    1.2368,    1.5609,    0.0043,    0.0739,    1.5616,   -0.0290,    0.0520,   13.9530,   -0.3444,    0.0512,    1.3730,    0.0800
 8490.5977,   -0.1381,   -1.1106,    1.4098,    1.4695,   -0.0531,   -0.0147,    1.4672,   -0.0891,   -0.0433,   14.3350,   -0.3684,    0.0545,    1.3360,    0.0830
 8490.8682,   -0.2749,   -1.1580,    2.2773,    1.5041,   -0.0564,    0.0043,    1.5005,   -0.1160,   -0.0266,   14.7365,   -0.3782,    0.0563,    1.3560,    0.0770
 8491.0977,   -0.3630,   -1.5059,    2.2172,    1.5107,    0.0220,    0.0244,    1.5105,   -0.0363,   -0.0155,   15.0840,   -0.3880,    0.0574,    1.4760,    0.0800
 8491.3477,   -0.2040,   -0.5162,    1.6752,    1.4649,   -0.0370,    0.0290,    1.4634,   -0.0799,    0.0155,   15.4514,   -0.3996,    0.0517,    1.4010,    0.0830
 8491.5879,   -0.3960,   -0.0047,    1.7058,    1.5504,   -0.1616,    0.0899,    1.5449,   -0.2083,    0.0884,   15.8092,   -0.4138,    0.0496,    1.3980,    0.0820
 8491.8477,   -0.9201,   -0.3949,    2.6619,    1.5416,    0.0125,   -0.0335,    1.5403,   -0.0584,   -0.0451,   16.2166,   -0.4291,    0.0495,    1.4340,    0.0830
 8492.0977,   -0.9555,   -0.6771,    2.3849,    1.6175,    0.0613,   -0.0262,    1.6182,   -0.0053,   -0.0454,   16.6199,   -0.4369,    0.0492,    1.4840,    0.0740
 8492.3477,   -0.8294,   -0.7988,    2.1473,    1.5834,   -0.0334,    0.0005,    1.5809,   -0.0924,   -0.0229,   17.0201,   -0.4462,    0.0441,    1.4810,    0.0740
 8492.5977,   -0.8053,   -0.1287,    1.5046,    1.4810,   -0.0590,    0.0022,    1.4789,   -0.0979,   -0.0025,   17.4018,   -0.4628,    0.0365,    1.4540,    0.0780
 8492.8682,   -1.2849,   -1.0115,    0.9478,    1.5752,   -0.1525,   -0.0180,    1.5719,   -0.1775,   -0.0497,   17.8191,   -0.4892,    0.0371,    1.3090,    0.0800
 8493.1084,   -0.9743,   -0.8457,    1.6928,    1.5675,   -0.0839,    0.0095,    1.5643,   -0.1299,   -0.0158,   18.1844,   -0.4947,    0.0314,    1.3780,    0.0650
 8493.3584,   -1.1259,   -0.3912,    1.4901,    1.6377,    0.0053,    0.0088,    1.6373,   -0.0373,   -0.0031,   18.5791,   -0.5103,    0.0291,    1.4110,    0.0740
 8493.6084,   -0.6266,   -0.1568,    2.0483,    1.5298,   -0.0698,    0.0283,    1.5264,   -0.1247,    0.0227,   18.9719,   -0.5104,    0.0257,    1.4380,    0.0680
 8493.8682,   -1.1435,   -0.4993,    2.4561,    1.5318,   -0.0161,    0.0158,    1.5298,   -0.0818,    0.0009,   19.3753,   -0.5224,    0.0268,    1.4040,    0.0680
 8494.1084,   -1.0283,   -0.4986,    2.4397,    1.5256,    0.0181,    0.0286,    1.5252,   -0.0471,    0.0145,   19.7418,   -0.5270,    0.0288,    1.3870,    0.0730
 8494.3477,   -0.3202,   -0.7668,    2.5668,    1.5278,   -0.0365,    0.0336,    1.5249,   -0.1049,    0.0126,   20.1085,   -0.5235,    0.0324,    1.3880,    0.0670
 8494.5879,   -1.0643,   -1.0508,    2.4402,    1.4485,   -0.0597,   -0.0238,    1.4439,   -0.1204,   -0.0525,   20.4751,   -0.5415,    0.0357,    1.3610,    0.0650
 8494.8584,   -1.1723,   -0.7576,    2.9016,    1.4226,    0.0296,    0.0116,    1.4223,   -0.0423,   -0.0081,   20.8727,   -0.5484,    0.0433,    1.3840,    0.0620
 8495.1084,   -0.9890,   -1.0014,    2.4434,    1.4056,   -0.0028,    0.0179,    1.4043,   -0.0626,   -0.0077,   21.2337,   -0.5563,    0.0478,    1.2940,    0.0650
 8495.3477,   -1.5657,   -0.8956,    2.8670,    1.4029,   -0.1055,    0.0314,    1.3961,   -0.1758,    0.0047,   21.5762,   -0.5702,    0.0526,    1.2860,    0.0640
 8495.5977,   -0.9966,   -0.9723,    2.8501,    1.4197,   -0.0214,    0.0041,    1.4167,   -0.0916,   -0.0216,   21.9298,   -0.5695,    0.0571,    1.2970,    0.0640
 8495.8682,   -1.4683,   -0.7309,    2.5287,    1.2724,   -0.0723,   -0.0019,    1.2678,   -0.1278,   -0.0213,   22.3009,   -0.5873,    0.0626,    1.2310,    0.0650
 8496.1182,    0.2158,   -0.6043,   -6.1897,    1.0138,   -0.5230,   -0.0039,    1.0642,   -0.4107,   -0.0136,   22.6017,   -0.6436,    0.0694,    1.0760,    0.0670
 8496.3379,   -0.3656,   -0.4751,  -25.8692,    0.4662,   -1.0316,    0.0875,    0.8703,   -0.7253,    0.0757,   22.7680,   -0.8281,    0.0738,    0.8820,    0.0950
 8496.5977,    0.2062,    1.0920,  -55.3559,   -0.1531,   -1.0048,   -0.0377,    0.7402,   -0.6972,   -0.0211,   22.8178,   -1.0787,    0.0665,    1.0220,    0.0870
 8496.8682,   -0.9374,    0.8571,  -87.2781,   -0.3441,   -0.6091,    0.0070,    0.5919,   -0.3728,    0.0098,   22.7316,   -1.3001,    0.0697,    1.2540,    0.0840
 8497.1182,   -1.1784,    1.4528, -110.7003,   -0.5692,   -0.2546,    0.0334,    0.4383,   -0.4433,    0.0354,   22.6318,   -1.4084,    0.0664,    0.9300,    0.0830
 8497.3584,   -1.6683,    1.7208, -133.9049,   -0.5850,    0.0337,    0.0715,    0.3791,   -0.4471,    0.0699,   22.5127,   -1.4375,    0.0650,    1.0630,    0.0880
 8497.6084,   -2.0459,    1.5681, -155.7485,   -0.4624,    0.1673,    0.1178,    0.3495,   -0.3468,    0.1151,   22.3958,   -1.4173,    0.0714,    0.9840,    0.0960
 8497.8584,   -2.6384,    0.8977, -171.4530,   -0.3467,   -0.0073,    0.0015,    0.3439,   -0.0446,    0.0048,   22.2928,   -1.3801,    0.0846,    0.8940,    0.0980
 8498.0977,   -2.8069,    0.5438, -176.9948,   -0.4570,   -0.2467,   -0.0153,    0.4694,    0.2227,    0.0000,   22.1871,   -1.3874,    0.0936,    0.6220,    0.0830
 8498.3584,   -3.6126,    0.4035, -177.1004,   -0.6476,   -0.2294,   -0.0583,    0.6587,    0.1993,   -0.0412,   22.0168,   -1.4175,    0.1052,    0.8360,    0.0870
 8498.6084,   -3.5765,    0.5178, -177.9176,   -0.7908,   -0.0734,    0.0045,    0.7929,    0.0438,    0.0144,   21.8279,   -1.4515,    0.1121,    1.0180,    0.0830
 8498.8584,   -3.6365,    0.1254, -178.8676,   -1.0165,   -0.2030,    0.0404,    1.0202,    0.1798,    0.0542,   21.6018,   -1.4783,    0.1201,    1.1340,    0.0830
 8499.0977,   -2.9927,    0.4036,  179.2249,   -1.0201,    0.1402,    0.0688,    1.0213,   -0.1302,    0.0693,   21.3738,   -1.4991,    0.1226,    1.2180,    0.0750
 8499.3584,   -2.8400,    0.7324,  178.9459,   -1.1159,    0.0268,    0.0620,    1.1153,   -0.0100,    0.0759,   21.1070,   -1.5118,    0.1291,    1.2180,    0.0780
 8499.6084,   -2.8995,    0.1106,  179.3900,   -1.1574,   -0.1631,    0.0204,    1.1556,    0.1740,    0.0315,   20.8225,   -1.5251,    0.1372,    1.3410,    0.0810
 8499.8682,   -3.2895,   -0.1799,  179.8858,   -1.1520,   -0.0950,   -0.0075,    1.1518,    0.0978,   -0.0056,   20.5275,   -1.5361,    0.1444,    1.3560,    0.0850
 8500.0977,   -3.5338,    0.0435, -179.5550,   -1.2279,    0.0054,    0.0109,    1.2278,   -0.0156,    0.0109,   20.2538,   -1.5496,    0.1487,    1.4060,    0.0830
 8500.3584,   -3.5512,   -0.0574, -179.0597,   -1.2330,   -0.0776,    0.0472,    1.2342,    0.0544,    0.0495,   19.9357,   -1.5688,    0.1542,    1.4880,    0.0840
 8500.6084,   -3.8691,   -0.2927, -178.8099,   -1.2152,   -0.1065,    0.0109,    1.2172,    0.0808,    0.0102,   19.6276,   -1.5841,    0.1621,    1.4440,    0.0810
 8500.8584,   -3.9894,    0.4012, -177.7411,   -1.2077,   -0.1017,    0.0910,    1.2101,    0.0470,    0.1030,   19.3280,   -1.6072,    0.1677,    1.3350,    0.0850
 8501.1084,   -3.2943,   -0.0335, -176.6635,   -1.2364,   -0.0997,    0.0276,    1.2401,    0.0260,    0.0284,   19.0213,   -1.6493,    0.1803,    1.4730,    0.0800
 8501.3477,   -3.7990,    0.3379, -176.8321,   -1.3303,   -0.0964,    0.0610,    1.3332,    0.0181,    0.0702,   18.7170,   -1.6689,    0.1923,    1.4050,    0.0800
 8501.5977,   -3.2373,    0.4150, -176.5880,   -1.3673,    0.0130,    0.0804,    1.3635,   -0.0993,    0.0848,   18.3876,   -1.7016,    0.2037,    1.4900,    0.0800
 8501.8682,   -3.5390,    0.0751, -176.2683,   -1.3417,   -0.1054,    0.0486,    1.3457,    0.0147,    0.0514,   18.0233,   -1.7232,    0.2168,    1.4990,    0.0880
 8502.1084,   -3.8547,    0.2806, -175.5480,   -1.2744,   -0.0567,    0.0344,    1.2748,   -0.0450,    0.0377,   17.7129,   -1.7454,    0.2261,    1.4650,    0.0790
 8502.3477,   -4.0875,    0.7679, -175.6724,   -1.2965,   -0.1104,   -0.0106,    1.3011,    0.0117,    0.0077,   17.4016,   -1.7658,    0.2300,    1.4200,    0.0880
 8502.6084,   -4.0461,    1.0038, -175.7801,   -1.3872,   -0.0754,    0.0193,    1.3884,   -0.0299,    0.0416,   17.0515,   -1.7910,    0.2321,    1.4600,    0.0800
 8502.8682,   -4.1967,    0.8033, -176.2346,   -1.3580,   -0.0042,    0.0478,    1.3546,   -0.0897,    0.0604,   16.6994,   -1.8068,    0.2346,    1.4290,    0.0870
 8503.1084,   -4.5779,    0.7485, -176.4650,   -1.3249,   -0.0078,    0.0405,    1.3223,   -0.0782,    0.0517,   16.3759,   -1.8172,    0.2383,    1.4070,    0.0880
 8503.3477,   -4.5065,    0.6669, -176.2042,   -1.3168,   -0.1089,   -0.0027,    1.3211,    0.0204,    0.0144,   16.0543,   -1.8345,    0.2428,    1.4330,    0.0880
 8503.5977,   -4.9838,    0.5528, -176.5161,   -1.3078,   -0.0427,    0.0319,    1.3076,   -0.0406,    0.0412,   15.7200,   -1.8431,    0.2481,    1.3720,    0.0910
 8503.8584,   -5.0169,   -0.0413, -176.1938,   -1.3647,   -0.0416,    0.0404,    1.3645,   -0.0523,    0.0350,   15.3693,   -1.8600,    0.2593,    1.4070,    0.0830
 8504.0879,   -3.9793,   -0.2273, -176.1033,   -1.3653,   -0.0490,    0.0493,    1.3657,   -0.0469,    0.0407,   15.0568,   -1.8861,    0.2681,    1.4580,    0.0910
 8504.3477,   -4.2783,   -0.6150, -177.2493,   -1.4152,   -0.0517,    0.0370,    1.4164,   -0.0179,    0.0206,   14.6922,   -1.8867,    0.2813,    1.3820,    0.0980
 8504.5879,   -4.5964,   -0.6572, -176.9556,   -1.4347,   -0.0555,    0.0677,    1.4363,   -0.0248,    0.0494,   14.3475,   -1.8918,    0.2946,    1.4030,    0.0890
 8504.8477,   -4.4280,   -0.5118, -177.1846,   -1.4587,    0.0523,    0.0244,    1.4545,   -0.1244,    0.0018,   13.9746,   -1.9016,    0.3048,    1.5010,    0.0910
 8505.1084,   -4.1658,    0.0849, -176.9729,   -1.4694,   -0.0504,    0.0506,    1.4700,   -0.0310,    0.0506,   13.5947,   -1.9111,    0.3153,    1.4360,    0.0830
 8505.3379,   -4.6126,   -0.6078, -177.0980,   -1.5056,   -0.0029,    0.0477,    1.5043,   -0.0756,    0.0257,   13.2494,   -1.9101,    0.3305,    1.4490,    0.0920
 8505.5977,   -3.6727,   -0.9450, -177.4539,   -1.5120,    0.1247,    0.1039,    1.5065,   -0.1965,    0.0666,   12.8663,   -1.9257,    0.3477,    1.5210,    0.0880
 8505.8682,   -3.9283,   -0.1979, -177.3715,   -1.5200,    0.0116,   -0.0015,    1.5179,   -0.0806,   -0.0123,   12.4590,   -1.9233,    0.3590,    1.4690,    0.0790
 8506.0977,   -4.9662,   -0.2920, -176.7314,   -1.7076,   -0.0950,    0.0875,    1.7106,   -0.0093,    0.0782,   12.0934,   -1.9175,    0.3693,    1.4750,    0.0820
 8506.3379,   -5.1432,   -0.8166, -176.5508,   -1.5324,    0.0436,   -0.0767,    1.5258,   -0.1264,   -0.1102,   11.7074,   -1.9228,    0.3756,    1.6820,    0.0870
 8506.5977,   -5.4138,    1.5276, -177.3105,   -1.7181,   -0.0110,    0.1527,    1.7121,   -0.0881,    0.1909,   11.3062,   -1.9208,    0.3763,    1.4780,    0.0930
 8506.8584,   -3.0480,   -0.6433, -177.6644,   -1.5940,   -0.0350,   -0.0289,    1.5937,   -0.0274,   -0.0484,   10.8865,   -1.9521,    0.3922,    1.5730,    0.0920
 8507.0977,   -3.4204,   -0.0625, -178.8970,   -1.5902,   -0.0225,    0.1161,    1.5904,   -0.0150,    0.1136,   10.5161,   -1.9340,    0.3974,    1.4040,    0.0900
 8507.3477,   -3.4014,   -0.8127, -178.7852,   -1.6678,   -0.0106,    0.0917,    1.6688,   -0.0288,    0.0664,   10.1172,   -1.9252,    0.4045,    1.5740,    0.0810
 8507.5977,   -3.6402,   -0.2314, -177.9401,   -1.5773,   -0.0299,   -0.0055,    1.5774,   -0.0260,   -0.0135,    9.7286,   -1.9162,    0.4005,    1.6080,    0.0750
 8507.8682,   -2.9746,   -0.0890, -177.6428,   -1.6288,   -0.0078,   -0.0372,    1.6277,   -0.0570,   -0.0428,    9.3081,   -1.9193,    0.3966,    1.4810,    0.0840
 8508.0977,   -3.5968,   -0.8654, -177.8363,   -1.5395,   -0.0332,   -0.0167,    1.5392,   -0.0224,   -0.0414,    8.9449,   -1.9031,    0.3951,    1.5200,    0.0880
 8508.3584,   -3.6139,   -0.5293, -177.0168,   -1.6281,    0.1028,    0.0221,    1.6207,   -0.1874,   -0.0047,    8.5261,   -1.9011,    0.3930,    1.5430,    0.0810
 8508.6084,   -4.3466,    0.1895, -176.7223,   -1.5908,    0.0118,   -0.0450,    1.5877,   -0.0995,   -0.0475,    8.1189,   -1.8896,    0.3895,    1.5880,    0.0810
 8508.8682,   -3.8906,   -0.1124, -176.5731,   -1.5815,    0.1120,    0.0181,    1.5720,   -0.2069,    0.0009,    7.7081,   -1.8936,    0.3879,    1.4540,    0.0800
 8509.1084,   -3.2081,    0.1423, -176.3231,   -1.5672,   -0.1294,    0.0233,    1.5722,    0.0271,    0.0287,    7.3412,   -1.8986,    0.3843,    1.4510,    0.0850
 8509.3584,   -3.4199,    0.0302, -177.0173,   -1.5558,    0.0373,    0.0061,    1.5517,   -0.1184,   -0.0001,    6.9496,   -1.8904,    0.3871,    1.3970,    0.0770
 8509.5977,   -2.8142,   -0.4063, -177.0704,   -1.6071,    0.0291,    0.0145,    1.6036,   -0.1112,   -0.0023,    6.5665,   -1.8898,    0.3921,    1.4610,    0.0730
 8509.8477,   -2.5523,   -0.1703, -177.6799,   -1.5653,    0.0832,    0.0171,    1.5607,   -0.1469,    0.0059,    6.1692,   -1.8784,    0.3940,    1.4450,    0.0910
 8510.0977,   -2.7560,   -0.3229, -178.0087,   -1.5317,   -0.0210,    0.0163,    1.5316,   -0.0326,    0.0061,    5.7801,   -1.8600,    0.3985,    1.3970,    0.0810
 8510.3477,   -3.1571,    0.1407, -178.5845,   -1.5294,    0.0433,    0.0062,    1.5278,   -0.0815,    0.0055,    5.3939,   -1.8358,    0.4019,    1.4650,    0.0790
 8510.5977,   -3.6747,   -0.1706, -178.7629,   -1.5843,    0.1766,    0.0218,    1.5801,   -0.2115,    0.0035,    4.9990,   -1.8092,    0.4067,    1.4110,    0.0860
 8510.8584,   -3.5499,    0.4305, -178.3262,   -1.4843,    0.0787,    0.0174,    1.4812,   -0.1235,    0.0210,    4.5938,   -1.7897,    0.4044,    1.3680,    0.0800
 8511.0977,   -3.4310,    0.6769, -178.5587,   -1.5143,    0.2310,    0.0728,    1.5070,   -0.2740,    0.0744,    4.2336,   -1.7706,    0.4101,    1.3470,    0.0890
 8511.3477,   -3.5578,   -0.4817, -178.1432,   -1.4631,    0.0278,    0.0223,    1.4616,   -0.0757,    0.0054,    3.8548,   -1.7490,    0.4190,    1.3470,    0.0940
 8511.5977,   -3.9635,   -0.7764, -178.6755,   -1.4277,    0.0759,    0.0259,    1.4258,   -0.1091,   -0.0010,    3.4872,   -1.7201,    0.4247,    1.3140,    0.0730
 8511.8682,   -3.6082,   -0.8395, -178.2014,   -1.4367,    0.0700,    0.0334,    1.4341,   -0.1156,    0.0052,    3.1003,   -1.7048,    0.4324,    1.2150,    0.0770
 8512.0977,   -3.7086,    0.2980, -177.8050,   -1.3481,    0.0803,    0.0045,    1.3440,   -0.1324,    0.0030,    2.7795,   -1.6853,    0.4332,    1.3100,    0.0900
 8512.3477,   -4.3151,    1.3542, -165.9257,   -1.0972,   -0.4796,   -0.0370,    1.1814,    0.1985,    0.0059,    2.4611,   -1.7312,    0.4292,    1.2970,    0.0810
 8512.6084,   -4.1195,    0.7341, -139.1260,   -0.4682,   -0.8392,   -0.0712,    0.9040,    0.3316,   -0.0359,    2.2532,   -1.9282,    0.4349,    1.6710,    0.0690
 8512.8682,   -3.1710,    5.3137, -117.3324,   -0.0652,   -0.8678,   -0.0352,    0.8007,    0.3379,    0.0579,    2.1618,   -2.1274,    0.4120,    1.4190,    0.0840
 8513.0977,   -1.6943,    6.7495,  -94.9261,    0.1828,   -0.7880,    0.0148,    0.7623,    0.2466,    0.1125,    2.1688,   -2.3139,    0.4067,    1.5750,    0.0930
 8513.3477,   -0.6091,    4.5550,  -69.7133,    0.4477,   -0.6254,    0.1066,    0.7311,    0.2013,    0.1673,    2.2616,   -2.4952,    0.4262,    1.6310,    0.1030
 8513.5977,   -2.5941,    2.7603,  -46.8605,    0.5366,   -0.4787,    0.0896,    0.7111,    0.0585,    0.1268,    2.3901,   -2.6226,    0.4546,    1.6280,    0.1100
 8513.8584,   -2.0865,    1.5647,  -24.7400,    0.6204,    0.0605,   -0.0591,    0.5396,    0.3160,   -0.0329,    2.5622,   -2.6443,    0.4599,    1.6150,    0.0810
 8514.1084,   -1.5631,    2.3303,   -7.1401,    0.7153,    0.3074,    0.0658,    0.6683,    0.3912,    0.1038,    2.7157,   -2.5784,    0.4517,    1.3760,    0.0840
 8514.3477,   -0.5082,    1.4174,    2.4905,    0.7670,   -0.0926,    0.0060,    0.7618,   -0.1260,    0.0238,    2.8709,   -2.5087,    0.4564,    1.3970,    0.0600
 8514.5977,   -0.7321,    0.6892,    2.5617,    0.8442,    0.0018,    0.0563,    0.8427,   -0.0368,    0.0660,    3.0680,   -2.4925,    0.4660,    1.0080,    0.0780
 8514.8682,   -1.3077,   -0.1021,    2.7893,    0.9516,    0.1036,    0.0306,    0.9556,    0.0565,    0.0302,    3.3119,   -2.4810,    0.4780,    1.0680,    0.0810
 8515.1084,   -1.2157,   -0.3469,    2.6156,    0.9729,    0.1520,    0.0214,    0.9789,    0.1071,    0.0177,    3.5496,   -2.4615,    0.4877,    1.1880,    0.0780
 8515.3477,   -1.5645,   -0.8086,    2.8553,    1.0385,    0.1131,    0.0220,    1.0431,    0.0610,    0.0090,    3.7970,   -2.4473,    0.4994,    1.2830,    0.0750
 8515.5977,   -1.2721,   -0.7242,    2.6710,    1.1111,    0.0731,    0.0168,    1.1134,    0.0212,    0.0032,    4.0691,   -2.4251,    0.5094,    1.2920,    0.0800
 8515.8682,   -1.0850,   -0.6874,    2.7255,    1.2161,    0.1108,    0.0307,    1.2203,    0.0526,    0.0170,    4.3848,   -2.4016,    0.5204,    1.3670,    0.0680
 8516.1084,   -0.6592,    0.0841,    2.3587,    1.2476,    0.0006,    0.0279,    1.2465,   -0.0511,    0.0292,    4.6775,   -2.3789,    0.5285,    1.4410,    0.0690
 8516.3477,   -0.7014,    0.3023,    2.0994,    1.2754,    0.0569,    0.0611,    1.2763,    0.0093,    0.0679,    4.9769,   -2.3623,    0.5405,    1.4820,    0.0740
 8516.5977,   -0.7614,   -0.1636,    1.7096,    1.3027,    0.1970,    0.0310,    1.3081,    0.1577,    0.0293,    5.2951,   -2.3476,    0.5518,    1.4400,    0.0680
 8516.8584,   -0.4169,    0.3394,    1.3000,    1.2353,    0.0244,   -0.0136,    1.2355,   -0.0036,   -0.0064,    5.6231,   -2.3318,    0.5559,    1.4530,    0.0620
 8517.0977,   -0.1879,   -0.0407,    0.1618,    1.2468,    0.0221,    0.0006,    1.2468,    0.0186,   -0.0002,    5.9212,   -2.3268,    0.5583,    1.3710,    0.0650
 8517.3477,   -0.8248,    0.0864,    0.3187,    1.2645,    0.0836,   -0.0457,    1.2650,    0.0771,   -0.0427,    6.2351,   -2.3302,    0.5619,    1.4200,    0.0700
 8517.5977,   -0.9266,   -0.6614,    0.3398,    1.2026,    0.1242,   -0.0448,    1.2027,    0.1180,   -0.0568,    6.5461,   -2.3246,    0.5694,    1.3850,    0.0710
 8517.8584,   -0.9991,   -0.4288,    0.6024,    1.1641,    0.0126,    0.0052,    1.1642,    0.0004,   -0.0035,    6.8633,   -2.3173,    0.5746,    1.3610,    0.0700
 8518.0977,   -0.5075,   -0.4374,    1.5882,    1.2383,    0.0555,    0.0176,    1.2395,    0.0211,    0.0083,    7.1528,   -2.2987,    0.5796,    1.3770,    0.0680
 8518.3477,   -0.7613,   -0.4062,    1.6130,    1.2342,    0.0442,    0.0480,    1.2353,    0.0089,    0.0393,    7.4606,   -2.2899,    0.5828,    1.3560,    0.0720
 8518.5977,   -1.0458,   -0.7713,    1.7945,    1.2473,    0.1036,   -0.0301,    1.2494,    0.0654,   -0.0457,    7.7756,   -2.2810,    0.5855,    1.4470,    0.0710
 8518.8477,   -1.0977,    0.0950,    2.0847,    1.2097,   -0.0088,    0.0798,    1.2085,   -0.0544,    0.0808,    8.0904,   -2.2657,    0.5814,    1.3780,    0.0820
 8519.0977,   -0.9644,   -0.2522,    1.2326,    1.3041,    0.1704,    0.0666,    1.3077,    0.1413,    0.0633,    8.4207,   -2.2547,    0.5764,    1.4120,    0.0800
 8519.3584,   -0.9496,    0.3027,    1.2285,    1.2832,   -0.0309,   -0.0030,    1.2822,   -0.0584,    0.0028,    8.7490,   -2.2431,    0.5676,    1.3730,    0.0740
 8519.6084,   -1.0764,    0.4955,    1.4777,    1.3495,   -0.0070,    0.0291,    1.3486,   -0.0426,    0.0400,    9.0687,   -2.2329,    0.5634,    1.3800,    0.0740
 8519.8584,   -0.7278,   -0.2125,    1.0870,    1.3514,   -0.0203,    0.0323,    1.3508,   -0.0463,    0.0267,    9.3922,   -2.2206,    0.5628,    1.3710,    0.0810
 8520.0977,   -0.4748,    0.0350,    1.0513,    1.3595,   -0.0084,    0.0322,    1.3591,   -0.0337,    0.0328,    9.7024,   -2.2122,    0.5602,    1.4050,    0.0810
 8520.3477,   -0.8158,    0.3663,    0.8742,    1.1966,    0.0121,    0.0002,    1.1966,   -0.0063,    0.0077,   10.0179,   -2.2139,    0.5569,    1.3780,    0.0780
 8520.5977,   -0.9640,   -0.1065,    1.2460,    0.9711,   -0.0292,   -0.0053,    0.9702,   -0.0501,   -0.0080,   10.2839,   -2.2107,    0.5596,    1.1970,    0.0760
 8520.8584,   -1.0073,   -0.1749,    0.9697,    0.8692,   -0.0297,    0.0034,    0.8686,   -0.0444,   -0.0000,   10.5208,   -2.2109,    0.5601,    1.0210,    0.0720
 8521.0977,   -0.7173,   -0.0609,    0.8459,    0.8034,    0.0076,    0.0077,    0.8034,   -0.0044,    0.0068,   10.7200,   -2.2085,    0.5621,    0.9000,    0.0730
 8521.3477,   -0.5951,   -0.1607,    0.8263,    0.7235,   -0.0720,   -0.0130,    0.7224,   -0.0823,   -0.0158,   10.9123,   -2.2090,    0.5640,    0.8410,    0.0800
 8521.5977,   -1.1103,   -0.2399,    1.0417,    0.7256,    0.0116,    0.0089,    0.7257,   -0.0017,    0.0058,   11.0970,   -2.2179,    0.5656,    0.7570,    0.0780
 8521.8682,   -1.2774,   -0.0161,    1.3184,    0.6270,    0.0127,   -0.0105,    0.6271,   -0.0015,   -0.0107,   11.2785,   -2.2227,    0.5656,    0.7290,    0.0760
 8522.1084,   -1.3769,    0.3476,    1.4334,    0.6174,    0.0148,    0.0007,    0.6175,   -0.0008,    0.0044,   11.4297,   -2.2262,    0.5659,    0.7050,    0.0780
 8522.3477,   -1.2882,    0.2234,    1.0983,    0.6185,   -0.0141,    0.0029,    0.6181,   -0.0261,    0.0047,   11.5806,   -2.2304,    0.5684,    0.6450,    0.0820
 8522.5977,   -1.5523,    0.1503,    0.7842,    0.6354,    0.0096,    0.0091,    0.6354,    0.0006,    0.0108,   11.7392,   -2.2396,    0.5704,    0.6290,    0.0770
 8522.8682,   -1.2411,   -0.1270,    0.8042,    0.6506,   -0.0055,    0.0062,    0.6505,   -0.0147,    0.0044,   11.9154,   -2.2420,    0.5738,    0.6270,    0.0740
 8523.1084,   -1.4409,   -0.4970,    0.9739,    0.6881,   -0.0180,    0.0224,    0.6879,   -0.0301,    0.0156,   12.0765,   -2.2497,    0.5785,    0.6520,    0.0700
 8523.3379,   -1.5210,   -0.2231,    1.4997,    0.7476,   -0.0574,    0.0091,    0.7459,   -0.0771,    0.0041,   12.2377,   -2.2539,    0.5796,    0.6850,    0.0720
 8523.6484,   -1.7706,   -0.1659,    1.7290,    0.7635,    0.0141,    0.0294,    0.7636,   -0.0098,    0.0269,   12.4706,   -2.2626,    0.5840,    0.7400,    0.0810
 8523.8779,   -1.5711,    0.3195,    1.9002,    0.8263,    0.0291,    0.0213,    0.8267,    0.0010,    0.0259,   12.6463,   -2.2637,    0.5851,    0.7340,    0.0790
 8524.0977,   -1.1221,   -0.0551,    2.3676,    0.8388,   -0.0369,    0.0041,    0.8366,   -0.0716,    0.0019,   12.8275,   -2.2590,    0.5891,    0.8570,    0.0780
 8524.3477,   -1.2494,   -0.3797,    2.5138,    0.8573,   -0.0270,    0.0044,    0.8554,   -0.0645,   -0.0027,   13.0452,   -2.2636,    0.5937,    0.8680,    0.0800
 8524.5977,   -1.0074,   -0.4351,    2.0960,    0.9134,   -0.0184,    0.0123,    0.9122,   -0.0519,    0.0045,   13.2680,   -2.2672,    0.5973,    0.8200,    0.0800
 8524.8682,   -1.0191,   -0.6536,    2.2449,    0.9283,    0.0142,   -0.0266,    0.9277,   -0.0215,   -0.0376,   13.5278,   -2.2726,    0.6029,    0.9680,    0.0790
 8525.0977,   -2.0003,   -1.5863,    2.6238,    0.9946,    0.0007,    0.0310,    0.9941,   -0.0449,    0.0020,   13.7563,   -2.2862,    0.6109,    1.0040,    0.0790
 8525.3477,   -1.6624,   -1.4181,    2.9380,    1.0127,   -0.0781,    0.0124,    1.0074,   -0.1294,   -0.0163,   14.0044,   -2.2820,    0.6161,    0.9840,    0.0780
 8525.5977,   -2.0547,   -1.0988,    2.8255,    1.0230,    0.0557,   -0.0151,    1.0241,    0.0064,   -0.0345,   14.2623,   -2.2890,    0.6212,    0.9960,    0.0790
 8525.8584,   -1.7142,   -1.0035,    2.9441,    1.0458,   -0.0239,    0.0228,    1.0434,   -0.0777,    0.0022,   14.5347,   -2.2849,    0.6281,    1.0480,    0.0780
 8526.1084,   -2.0023,   -0.7885,    2.8039,    1.0922,    0.0431,    0.0397,    1.0935,   -0.0113,    0.0243,   14.8017,   -2.2921,    0.6322,    0.9880,    0.0750
 8526.3477,   -1.3236,   -0.9785,    3.1284,    1.0467,   -0.1112,   -0.0040,    1.0388,   -0.1676,   -0.0256,   15.0529,   -2.2812,    0.6369,    1.0200,    0.0760
 8526.5879,   -0.8230,   -1.2335,    2.9417,    1.0865,    0.0117,    0.0351,    1.0862,   -0.0442,    0.0111,   15.3119,   -2.2778,    0.6434,    1.0570,    0.0760
 8526.8584,   -0.5545,   -1.0888,    2.3509,    1.1759,   -0.0122,    0.0314,    1.1748,   -0.0605,    0.0085,   15.6209,   -2.2805,    0.6471,    1.0740,    0.0730
 8527.0879,   -0.9471,   -0.9075,    3.1371,    1.1820,    0.0122,    0.0175,    1.1810,   -0.0525,   -0.0021,   15.8855,   -2.2848,    0.6498,    1.1680,    0.0650
 8527.3477,   -0.5779,   -1.0463,    3.3704,    1.1840,   -0.0106,    0.0131,    1.1814,   -0.0801,   -0.0093,   16.1900,   -2.2787,    0.6546,    1.1550,    0.0640
 8527.5977,   -0.7096,   -1.0638,    3.5441,    1.1796,   -0.0267,    0.0061,    1.1756,   -0.0993,   -0.0169,   16.4845,   -2.2806,    0.6583,    1.1720,    0.0700
 8527.8477,   -0.5400,   -0.6996,    3.3759,    1.2168,    0.0028,    0.0405,    1.2153,   -0.0691,    0.0250,   16.7771,   -2.2797,    0.6607,    1.1670,    0.0720
 8528.0879,   -0.6120,   -0.8126,    2.8661,    1.2417,   -0.0052,    0.0110,    1.2399,   -0.0672,   -0.0073,   17.0718,   -2.2843,    0.6643,    1.1620,    0.0640
 8528.3379,   -0.3185,   -0.6148,    3.0786,    1.1846,   -0.0259,   -0.0064,    1.1813,   -0.0894,   -0.0196,   17.3753,   -2.2812,    0.6666,    1.2300,    0.0680
 8528.5977,   -0.7794,   -0.6139,    3.1798,    1.2130,   -0.0257,   -0.0115,    1.2095,   -0.0926,   -0.0257,   17.6918,   -2.2902,    0.6728,    1.1820,    0.0650
 8528.8477,   -0.8882,   -0.4048,    3.3143,    1.1994,   -0.0472,   -0.0183,    1.1945,   -0.1160,   -0.0285,   17.9977,   -2.2947,    0.6748,    1.1960,    0.0650
 8529.0977,   -0.9013,   -0.5285,    2.4627,    1.2568,   -0.0828,    0.0553,    1.2526,   -0.1374,    0.0416,   18.3023,   -2.3021,    0.6846,    1.1580,    0.0670
 8529.3584,   -1.4251,   -0.8956,    2.6432,    1.2357,   -0.0488,    0.0358,    1.2325,   -0.1061,    0.0139,   18.6298,   -2.3133,    0.6883,    1.1990,    0.0630
 8529.6279,   -1.7491,   -0.5416,    1.9735,    1.3012,   -0.0581,    0.0502,    1.2989,   -0.1040,    0.0348,   18.9703,   -2.3258,    0.6938,    1.2020,    0.0600
 8529.8682,   -1.5542,   -0.9244,    1.5962,    1.3058,   -0.0894,    0.0601,    1.3036,   -0.1268,    0.0356,   19.2797,   -2.3329,    0.7019,    1.2200,    0.0630
 8530.0977,   -1.4154,   -0.8099,    2.1868,    1.2571,   -0.0413,   -0.0274,    1.2541,   -0.0881,   -0.0473,   19.5744,   -2.3352,    0.7079,    1.2420,    0.0580
 8530.3477,   -2.1349,   -0.9896,    1.8708,    1.2963,    0.0642,    0.0001,    1.2975,    0.0226,   -0.0215,   19.8981,   -2.3519,    0.7164,    1.2260,    0.0710
 8530.5879,   -1.6960,    0.0051,    1.7195,    1.2549,   -0.0664,    0.0434,    1.2523,   -0.1053,    0.0405,   20.1969,   -2.3530,    0.7181,    1.2600,    0.0650
 8530.8477,   -1.8259,   -0.0550,    1.6017,    1.1753,   -0.0436,    0.0449,    1.1736,   -0.0778,    0.0414,   20.5157,   -2.3646,    0.7259,    1.1660,    0.0670
 8531.0977,   -1.6059,   -0.8341,    1.4495,    1.1921,   -0.0237,    0.0285,    1.1914,   -0.0541,    0.0096,   20.8162,   -2.3718,    0.7330,    1.1540,    0.0650
 8531.3477,   -1.5559,   -0.8909,    1.3923,    1.1607,   -0.0640,    0.0298,    1.1592,   -0.0924,    0.0093,   21.1130,   -2.3834,    0.7383,    1.1480,    0.0670
 8531.5977,   -1.4702,   -1.0085,    0.6793,    1.0748,   -0.0293,    0.0082,    1.0744,   -0.0418,   -0.0117,   21.3906,   -2.3987,    0.7421,    1.0400,    0.0740
 8531.8682,   -1.6343,   -1.1321,    0.5625,    1.0133,   -0.0391,    0.0219,    1.0131,   -0.0491,    0.0005,   21.6738,   -2.4187,    0.7477,    0.9600,    0.0650
 8532.0977,   -1.6554,   -1.2462,    0.1185,    1.0331,   -0.0643,   -0.0038,    1.0327,   -0.0656,   -0.0282,   21.9157,   -2.4370,    0.7526,    0.9710,    0.0610
 8532.3379,   -1.4909,   -1.1650,   -0.7314,    1.0654,   -0.0957,    0.0077,    1.0665,   -0.0817,   -0.0161,   22.1738,   -2.4587,    0.7559,    0.9470,    0.0650
 8532.5977,   -0.8540,   -1.0142,   -2.6967,    0.9825,   -0.2360,   -0.0191,    0.9920,   -0.1889,   -0.0395,   22.4467,   -2.4890,    0.7614,    0.9810,    0.0670
 8532.8584,   -0.4951,   -0.8955,  -17.4519,    0.6222,   -0.7927,    0.0293,    0.8316,   -0.5697,    0.0113,   22.6612,   -2.6242,    0.7659,    0.7190,    0.0850
 8533.0977,   -0.3059,    0.0519,  -39.5867,    0.1701,   -0.9264,   -0.0235,    0.7214,   -0.6054,   -0.0260,   22.7566,   -2.8328,    0.7663,    0.8940,    0.0980
 8533.3477,   -0.5178,    1.9870,  -66.0668,   -0.2796,   -0.8542,   -0.0199,    0.6676,   -0.6020,   -0.0022,   22.7429,   -3.0569,    0.7571,    1.0080,    0.0790
 8533.6084,   -1.0778,    1.8862,  -94.7247,   -0.5268,   -0.5150,    0.0476,    0.5548,   -0.4837,    0.0568,   22.6332,   -3.2374,    0.7584,    1.1090,    0.0780
 8533.8682,   -1.7045,    0.8241, -120.0249,   -0.3466,   -0.2379,   -0.0700,    0.3803,   -0.1791,   -0.0699,   22.4903,   -3.3260,    0.7653,    1.0730,    0.0790
 8534.1084,   -1.8705,    1.1838, -141.4223,   -0.5414,    0.0492,   -0.0103,    0.3927,   -0.3758,   -0.0144,   22.3602,   -3.3448,    0.7627,    0.8330,    0.0850
 8534.3584,   -1.9629,    1.1334, -163.1139,   -0.4997,    0.2384,    0.0186,    0.4084,   -0.3739,    0.0139,   22.2312,   -3.3082,    0.7638,    0.9310,    0.1030
 8534.5977,   -1.9968,    1.0719, -177.2369,   -0.4491,    0.1308,    0.0338,    0.4416,   -0.1537,    0.0367,   22.1337,   -3.2714,    0.7659,    0.6700,    0.0940
 8534.8682,   -1.8872,    0.7649,  179.6418,   -0.5955,   -0.1936,    0.0158,    0.5940,    0.1964,    0.0302,   22.0021,   -3.2905,    0.7711,    0.6220,    0.0790
 8535.1084,   -2.2171,    0.4164, -179.1414,   -0.6908,   -0.2626,   -0.0347,    0.6949,    0.2532,   -0.0198,   21.8432,   -3.3243,    0.7739,    0.8690,    0.0650
 8535.3477,   -2.4240,    0.5803, -179.3578,   -0.6800,   -0.1692,   -0.0306,    0.6821,    0.1624,   -0.0168,   21.6735,   -3.3554,    0.7754,    0.9300,    0.0690
 8535.6084,   -2.3697,    0.7497, -178.9910,   -0.8867,   -0.2301,   -0.0225,    0.8908,    0.2147,   -0.0020,   21.4575,   -3.3940,    0.7759,    0.9940,    0.0710
 8535.8682,   -2.3364,    0.4954, -177.9566,   -0.9937,   -0.1693,    0.0040,    0.9990,    0.1331,    0.0181,   21.2096,   -3.4407,    0.7798,    1.1670,    0.0700
 8536.0977,   -2.3637,   -0.6434, -177.4214,   -1.0250,   -0.0767,    0.0387,    1.0278,    0.0293,    0.0284,   20.9778,   -3.4803,    0.7900,    1.1890,    0.0720
 8536.3477,   -2.5787,   -0.5476, -177.1304,   -1.0271,   -0.1243,    0.0358,    1.0323,    0.0715,    0.0292,   20.7243,   -3.5187,    0.7935,    1.1790,    0.0720
 8536.6182,   -2.4250,    0.5306, -177.0819,   -1.0274,   -0.0948,    0.0015,    1.0308,    0.0419,    0.0128,   20.4469,   -3.5612,    0.7947,    1.1750,    0.0700
 8536.8584,   -2.2558,    1.3909, -176.9090,   -1.1734,   -0.1863,   -0.0159,    1.1817,    0.1221,    0.0176,   20.1891,   -3.5999,    0.7928,    1.1840,    0.0720
 8537.1084,   -2.8767,    0.5966, -176.4803,   -1.1687,   -0.2021,    0.0258,    1.1785,    0.1279,    0.0445,   19.8942,   -3.6334,    0.7954,    1.3290,    0.0720
 8537.3584,   -2.2963,    0.1469, -176.6746,   -1.1818,   -0.2011,   -0.0291,    1.1916,    0.1332,   -0.0207,   19.5937,   -3.6799,    0.8003,    1.3510,    0.0740
 8537.6084,   -2.8993,    1.2650, -177.3202,   -1.1609,   -0.0759,   -0.0646,    1.1643,    0.0235,   -0.0377,   19.2948,   -3.7041,    0.7998,    1.2750,    0.0750
 8537.8682,   -2.8413,    0.4464,  179.1075,   -1.1619,   -0.0348,    0.0147,    1.1611,    0.0517,    0.0263,   18.9875,   -3.7097,    0.8037,    1.2360,    0.0760
 8538.1182,   -3.1786,    0.3405,  178.8611,   -1.1615,   -0.0197,   -0.0004,    1.1608,    0.0423,    0.0089,   18.6998,   -3.7150,    0.8057,    1.2690,    0.0700
 8538.3477,   -2.7116,    1.1007,  178.8502,   -1.1294,    0.0424,    0.0207,    1.1295,   -0.0217,    0.0414,   18.4407,   -3.7290,    0.8026,    1.2360,    0.0720
 8538.5977,   -3.0018,    0.5827,  179.1347,   -1.1902,   -0.0380,    0.0513,    1.1889,    0.0525,    0.0662,   18.1513,   -3.7304,    0.8060,    1.2030,    0.0770
 8538.8682,   -2.9608,    0.2672,  179.3163,   -1.0934,   -0.0292,    0.0138,    1.0929,    0.0413,    0.0211,   17.8484,   -3.7382,    0.8062,    1.2440,    0.0790
 8539.1182,   -2.9645,    0.3261,  179.1658,   -1.0322,    0.0072,   -0.0031,    1.0322,    0.0076,    0.0032,   17.5888,   -3.7412,    0.8083,    1.1250,    0.0750
 8539.3584,   -2.8920,    0.5490,  179.3465,   -1.0680,   -0.0264,   -0.0101,    1.0677,    0.0386,    0.0021,   17.3362,   -3.7452,    0.8073,    1.1340,    0.0690
 8539.6279,   -2.8310,    0.4676,  179.6704,   -1.1455,   -0.0229,    0.0215,    1.1452,    0.0279,    0.0323,   17.0381,   -3.7490,    0.8082,    1.1680,    0.0720
 8539.8584,   -3.0612,    0.4833,  179.6373,   -1.1626,    0.0099,    0.0052,    1.1625,   -0.0033,    0.0149,   16.7722,   -3.7465,    0.8075,    1.1940,    0.0780
 8540.1084,   -3.0020,    0.8842, -179.7948,   -1.1563,    0.0177,    0.0043,    1.1561,   -0.0230,    0.0210,   16.4833,   -3.7497,    0.8064,    1.2100,    0.0820
 8540.3477,   -3.1268,    0.4721, -179.0324,   -1.2020,   -0.1085,   -0.0033,    1.2037,    0.0877,    0.0114,   16.2028,   -3.7548,    0.8079,    1.2620,    0.0820
 8540.6084,   -2.9267,   -0.1671, -178.4752,   -1.2505,    0.0360,    0.0268,    1.2492,   -0.0704,    0.0196,   15.8850,   -3.7672,    0.8110,    1.2670,    0.0840
 8540.8682,   -2.7748,    0.2841, -177.9443,   -1.2575,   -0.1163,    0.0099,    1.2608,    0.0703,    0.0196,   15.5671,   -3.7794,    0.8089,    1.2680,    0.0780
 8541.1182,   -2.8832,    1.5204, -178.0214,   -1.3102,    0.0051,    0.0146,    1.3084,   -0.0528,    0.0468,   15.2475,   -3.7887,    0.8089,    1.3010,    0.0800
 8541.3379,   -2.2088,    0.9374, -177.4191,   -1.2330,   -0.1186,    0.0062,    1.2368,    0.0619,    0.0289,   14.9641,   -3.8091,    0.8103,    1.3440,    0.0830
 8541.6084,   -1.9135,    0.7215, -177.9261,   -1.2088,   -0.0980,   -0.0117,    1.2116,    0.0540,    0.0054,   14.6352,   -3.8186,    0.8119,    1.2160,    0.0800
 8541.8682,   -1.8291,    0.1457, -179.1700,   -1.2472,   -0.0438,   -0.0158,    1.2478,    0.0261,   -0.0118,   14.3138,   -3.8166,    0.8172,    1.1820,    0.0800
 8542.0977,   -1.8259,   -0.5726, -179.1420,   -1.2510,    0.0987,    0.0144,    1.2495,   -0.1174,   -0.0018,   14.0262,   -3.8131,    0.8205,    1.2800,    0.0790
 8542.3477,   -2.3011,   -0.4334, -178.8638,   -1.3338,    0.0909,    0.0657,    1.3321,   -0.1194,    0.0509,   13.7096,   -3.8041,    0.8266,    1.2630,    0.0790
 8542.6084,   -2.0223,   -0.1544, -178.7807,   -1.3317,    0.0233,    0.0825,    1.3311,   -0.0544,    0.0770,   13.3755,   -3.8050,    0.8319,    1.1720,    0.0810
 8542.8682,   -2.5487,   -0.4533, -178.7904,   -1.3082,    0.0634,    0.0113,    1.3066,   -0.0909,   -0.0031,   13.0424,   -3.7943,    0.8387,    1.1970,    0.0840
 8543.1084,   -2.1599,    0.1092, -178.8070,   -1.2913,   -0.0023,    0.0296,    1.2910,   -0.0258,    0.0311,   12.7390,   -3.7964,    0.8382,    1.2660,    0.0800
 8543.3477,   -2.6963,   -0.4116, -178.5453,   -1.3916,    0.1205,    0.0149,    1.3882,   -0.1558,   -0.0024,   12.4201,   -3.7879,    0.8437,    1.3250,    0.0770
 8543.6084,   -2.9403,   -0.1663, -178.2348,   -1.3399,    0.0115,    0.0022,    1.3389,   -0.0526,   -0.0044,   12.0644,   -3.7827,    0.8440,    1.4040,    0.0730
 8543.8682,   -2.9441,   -0.5842, -178.5458,   -1.3022,    0.0267,    0.0051,    1.3011,   -0.0593,   -0.0112,   11.7217,   -3.7771,    0.8472,    1.3310,    0.0740
 8544.0879,   -3.2512,   -0.7727, -178.3152,   -1.2875,    0.0465,    0.0112,    1.2856,   -0.0839,   -0.0109,   11.4384,   -3.7702,    0.8510,    1.3120,    0.0790
 8544.3379,   -3.1023,   -0.5010, -178.2529,   -1.3657,    0.0067,    0.0717,    1.3654,   -0.0515,    0.0571,   11.1113,   -3.7677,    0.8549,    1.3030,    0.0760
 8544.5977,   -2.8768,   -0.2866, -179.1202,   -1.4176,    0.0896,    0.0472,    1.4162,   -0.1132,    0.0345,   10.7558,   -3.7595,    0.8574,    1.3620,    0.0730
 8544.8584,   -3.2460,   -0.2225, -178.5877,   -1.3952,    0.0760,    0.0199,    1.3929,   -0.1110,    0.0082,   10.3949,   -3.7460,    0.8593,    1.3990,    0.0810
 8545.0977,   -2.8975,   -0.6084, -178.6520,   -1.3669,    0.0916,    0.0429,    1.3648,   -0.1250,    0.0221,   10.0766,   -3.7408,    0.8617,    1.3520,    0.0730
 8545.3477,   -3.2882,   -0.5369, -178.2031,   -1.2954,   -0.0096,   -0.0217,    1.2948,   -0.0290,   -0.0355,    9.7466,   -3.7270,    0.8648,    1.2990,    0.0760
 8545.6084,   -3.5116,    0.0930, -178.1515,   -1.4134,   -0.0076,    0.0388,    1.4129,   -0.0404,    0.0387,    9.3932,   -3.7165,    0.8674,    1.3010,    0.0740
 8545.8477,   -3.5332,   -0.3971, -178.2617,   -1.3796,    0.0788,   -0.0032,    1.3766,   -0.1196,   -0.0201,    9.0567,   -3.7067,    0.8721,    1.4160,    0.0790
 8546.0977,   -3.7879,    0.0953, -178.0059,   -1.3427,    0.0824,    0.0709,    1.3389,   -0.1336,    0.0644,    8.7202,   -3.6939,    0.8759,    1.3970,    0.0790
 8546.3477,   -3.4692,    0.1601, -178.1404,   -1.2692,    0.1003,   -0.0435,    1.2654,   -0.1387,   -0.0485,    8.3916,   -3.6866,    0.8769,    1.3050,    0.0850
 8546.5977,   -3.6205,    0.2905, -178.1444,   -1.3081,    0.0210,    0.0094,    1.3067,   -0.0642,    0.0120,    8.0635,   -3.6721,    0.8780,    1.2760,    0.0750
 8546.8584,   -3.7204,   -0.6264, -178.2982,   -1.3707,   -0.0409,   -0.0382,    1.3708,    0.0037,   -0.0531,    7.7100,   -3.6561,    0.8822,    1.2730,    0.0810
 8547.0977,   -3.4064,   -0.1885, -178.7562,   -1.3669,    0.1002,    0.0178,    1.3644,   -0.1304,    0.0055,    7.3896,   -3.6439,    0.8800,    1.3790,    0.0860
 8547.3477,   -3.1589,   -0.0975, -178.9901,   -1.3645,    0.1095,    0.0262,    1.3624,   -0.1347,    0.0165,    7.0535,   -3.6284,    0.8804,    1.2870,    0.0790
 8547.5977,   -3.1646,   -0.2242, -179.1112,   -1.3439,    0.1167,    0.0180,    1.3420,   -0.1380,    0.0051,    6.7232,   -3.6080,    0.8812,    1.2740,    0.0770
 8547.8584,   -3.0986,    0.1149, -179.4746,   -1.3396,    0.1567,    0.0246,    1.3380,   -0.1702,    0.0182,    6.3826,   -3.5866,    0.8776,    1.2810,    0.0760
 8548.0879,   -3.0269,   -0.4621, -179.3429,   -1.3445,    0.1239,    0.0216,    1.3431,   -0.1397,    0.0034,    6.0771,   -3.5680,    0.8801,    1.2890,    0.0830
 8548.3477,   -2.8787,   -0.3398, -179.3615,   -1.3085,    0.1182,    0.0309,    1.3072,   -0.1338,    0.0164,    5.7386,   -3.5468,    0.8842,    1.3020,    0.0800
 8548.5977,   -3.2506,   -0.1436, -179.3598,   -1.2941,    0.1235,    0.0189,    1.2926,   -0.1386,    0.0079,    5.4155,   -3.5215,    0.8900,    1.2370,    0.0620
 8548.8584,   -3.3415,   -0.2464, -179.0951,   -1.2649,    0.0132,   -0.0245,    1.2644,   -0.0314,   -0.0318,    5.0781,   -3.5006,    0.8976,    1.3050,    0.0820
 8549.0977,   -3.3129,    0.2429, -179.4253,   -1.2523,    0.1435,    0.0450,    1.2506,   -0.1587,    0.0412,    4.7813,   -3.4809,    0.9017,    1.2440,    0.0820
 8549.3477,   -3.1457,    0.5503, -179.3444,   -1.2051,    0.0731,   -0.0021,    1.2042,   -0.0872,    0.0047,    4.4732,   -3.4610,    0.9028,    1.2200,    0.0720
 8549.5977,   -3.2531,    0.6096, -178.9633,   -1.2066,    0.1752,   -0.0003,    1.2032,   -0.1974,    0.0013,    4.1669,   -3.4405,    0.9081,    1.2930,    0.0890
 8549.8584,   -2.5317,   -0.0842, -179.2114,   -1.1781,   -0.0402,   -0.0421,    1.1785,    0.0259,   -0.0427,    3.8508,   -3.4268,    0.9147,    1.2100,    0.0940
 8550.0977,   -2.9094,   -0.0134, -179.8470,   -1.1894,    0.0951,    0.0505,    1.1891,   -0.1007,    0.0452,    3.5695,   -3.3983,    0.9190,    1.2060,    0.0930
 8550.3379,   -2.6218,    0.0891, -179.5249,   -1.1159,    0.1184,    0.0131,    1.1149,   -0.1282,    0.0090,    3.2994,   -3.3817,    0.9233,    1.1480,    0.0880
 8550.6084,   -2.3106,   -0.4134, -179.8611,   -1.0681,    0.1212,    0.0102,    1.0679,   -0.1238,   -0.0025,    3.0040,   -3.3583,    0.9333,    1.0820,    0.0650
 8550.8584,   -2.6654,   -1.0215, -179.3751,   -1.0253,   -0.0039,   -0.0259,    1.0246,   -0.0052,   -0.0445,    2.7341,   -3.3308,    0.9438,    1.1170,    0.0650
 8551.0977,   -3.3448,   -0.8068, -169.3534,   -0.8215,   -0.4675,    0.0273,    0.8940,    0.3063,    0.0326,    2.5028,   -3.3737,    0.9502,    1.1340,    0.0650
 8551.3584,   -3.6622,    1.0607, -149.8274,   -0.5369,   -0.6849,   -0.0200,    0.8087,    0.3219,    0.0155,    2.3259,   -3.5148,    0.9449,    1.3830,    0.0620
 8551.5879,   -3.8672,    4.2061, -133.7655,   -0.3666,   -0.7077,   -0.0677,    0.7676,    0.2250,    0.0037,    2.2167,   -3.6680,    0.9331,    1.2410,    0.0720
 8551.8584,   -2.3135,    5.8593, -107.6852,    0.2097,   -0.9029,   -0.0131,    0.7937,    0.4709,    0.0874,    2.1984,   -3.9030,    0.9224,    1.3360,    0.0840
 8552.0977,   -1.2546,    4.0310,  -80.4639,    0.6360,   -0.6718,    0.0937,    0.7594,    0.5125,    0.1587,    2.3043,   -4.0959,    0.9340,    1.6740,    0.1080
 8552.3379,   -1.6754,    1.2153,  -56.1604,    0.8421,   -0.4413,    0.1226,    0.8327,    0.4495,    0.1535,    2.4739,   -4.2312,    0.9581,    1.6750,    0.1010
 8552.5977,   -2.1798,    2.0742,  -39.0926,    0.6698,   -0.2424,   -0.0597,    0.6745,    0.2354,   -0.0263,    2.6496,   -4.3175,    0.9546,    1.4750,    0.0970
 8552.8584,   -1.1860,    3.2089,  -22.1456,    0.8761,    0.1277,    0.0308,    0.7604,    0.4469,    0.0827,    2.8579,   -4.3250,    0.9487,    1.3350,    0.0750
 8553.0879,   -0.9921,    0.8033,   -5.1021,    0.9831,    0.3834,    0.1266,    0.9433,    0.4668,    0.1480,    3.0704,   -4.2647,    0.9671,    1.5660,    0.0710
 8553.3477,   -1.4058,    0.3964,    5.0224,    0.9413,    0.1029,    0.0492,    0.9464,    0.0187,    0.0562,    3.2880,   -4.1971,    0.9752,    1.4300,    0.0570
 8553.6084,    0.1233,    1.0347,    5.1704,    1.0185,   -0.1240,    0.0338,    1.0024,   -0.2151,    0.0523,    3.5197,   -4.1420,    0.9766,    1.1670,    0.0650
 8553.8682,   -1.0211,    0.9679,    3.2666,    0.9999,    0.0508,   -0.0202,    1.0013,   -0.0062,   -0.0034,    3.7729,   -4.1498,    0.9753,    0.9430,    0.0780
 8554.1084,   -0.2105,   -0.4454,    3.5480,    0.9576,    0.1728,   -0.0146,    0.9663,    0.1133,   -0.0217,    4.0189,   -4.1182,    0.9834,    1.1480,    0.0820
 8554.3477,   -0.2448,   -0.8323,    2.6493,    1.0476,    0.0800,    0.0287,    1.0505,    0.0315,    0.0136,    4.2640,   -4.1053,    0.9904,    1.0680,    0.0850
 8554.5977,   -0.1590,   -0.7135,    2.6822,    1.1042,    0.1111,    0.0273,    1.1084,    0.0593,    0.0137,    4.5355,   -4.0888,    0.9958,    1.1170,    0.0790
 8554.8477,   -0.0507,   -0.5072,    2.5664,    1.1502,    0.0390,    0.0039,    1.1508,   -0.0125,   -0.0063,    4.8192,   -4.0724,    1.0000,    1.2140,    0.0810
 8555.0977,   -0.1719,   -0.1561,    2.4463,    1.1763,    0.0383,   -0.0050,    1.1768,   -0.0119,   -0.0083,    5.1137,   -4.0595,    1.0018,    1.2320,    0.0740
 8555.3477,   -0.4443,   -0.2932,    2.3619,    1.2104,    0.0595,    0.0169,    1.2119,    0.0094,    0.0108,    5.4124,   -4.0481,    1.0047,    1.2530,    0.0740
 8555.5977,   -0.6903,   -0.5802,    2.3551,    1.2214,   -0.0017,    0.0026,    1.2202,   -0.0517,   -0.0104,    5.7206,   -4.0373,    1.0085,    1.2600,    0.0780
 8555.8584,   -0.6200,   -0.4307,    2.4711,    1.2433,    0.0314,    0.0759,    1.2440,   -0.0230,    0.0663,    6.0424,   -4.0214,    1.0108,    1.2590,    0.0690
 8556.1084,   -0.7176,   -0.4188,    2.5219,    1.2455,    0.0040,    0.0188,    1.2445,   -0.0509,    0.0091,    6.3509,   -4.0089,    1.0155,    1.2180,    0.0720
 8556.3379,   -0.3409,   -0.1867,    2.5321,    1.2908,    0.0511,    0.0295,    1.2918,   -0.0061,    0.0252,    6.6401,   -3.9908,    1.0182,    1.2750,    0.0750
 8556.5977,   -0.4688,   -0.3135,    2.2705,    1.3055,    0.0771,    0.0200,    1.3076,    0.0252,    0.0131,    6.9762,   -3.9795,    1.0214,    1.3040,    0.0730
 8556.8584,   -0.6221,    0.0483,    2.3423,    1.2744,    0.0878,    0.0127,    1.2769,    0.0355,    0.0141,    7.3101,   -3.9695,    1.0245,    1.3010,    0.0650
 8557.0977,   -0.4821,   -0.4204,    1.5676,    1.2721,    0.0168,    0.0470,    1.2723,   -0.0184,    0.0375,    7.6167,   -3.9615,    1.0331,    1.2950,    0.0620
 8557.3477,   -0.6552,   -1.4851,    0.8048,    1.2323,    0.0317,    0.0286,    1.2329,    0.0144,   -0.0032,    7.9286,   -3.9630,    1.0475,    1.2240,    0.0600
 8557.5977,   -1.3463,   -0.8815,    0.5884,    1.2002,   -0.0719,    0.0351,    1.1998,   -0.0846,    0.0147,    8.2353,   -3.9686,    1.0584,    1.2280,    0.0690
 8557.8584,   -1.5976,    0.4550,    0.1577,    1.2680,    0.0553,    0.0474,    1.2677,    0.0502,    0.0589,    8.5525,   -3.9723,    1.0661,    1.1290,    0.0860
 8558.0977,   -0.9719,    0.0938,    0.6592,    1.2873,    0.0098,    0.0304,    1.2872,   -0.0056,    0.0324,    8.8612,   -3.9607,    1.0755,    1.2910,    0.0800
 8558.3477,   -0.8052,   -0.0475,    0.6734,    1.2519,    0.0348,    0.0760,    1.2523,    0.0190,    0.0753,    9.1743,   -3.9586,    1.0850,    1.2370,    0.0750
 8558.5977,   -0.1611,    0.3706,    0.3557,    1.2744,    0.0492,    0.0277,    1.2745,    0.0412,    0.0361,    9.4907,   -3.9502,    1.0927,    1.2340,    0.0770
 8558.8477,   -0.5847,   -0.0259,   -0.2926,    1.3428,   -0.1823,    0.0830,    1.3438,   -0.1762,    0.0806,    9.8171,   -3.9607,    1.1007,    1.2720,    0.0760
 8559.1084,   -0.6427,   -0.1952,   -0.6276,    1.3644,   -0.0489,    0.0239,    1.3650,   -0.0341,    0.0189,   10.1615,   -3.9731,    1.1046,    1.2540,    0.0780
 8559.3379,   -0.7332,   -0.3472,   -0.6751,    1.3650,   -0.0693,    0.0201,    1.3658,   -0.0534,    0.0111,   10.4735,   -3.9832,    1.1089,    1.3180,    0.0740
 8559.5977,   -0.7850,   -0.5519,   -0.6570,    1.3457,   -0.0406,    0.0098,    1.3461,   -0.0251,   -0.0035,   10.8250,   -3.9953,    1.1122,    1.3400,    0.0710
 8559.8477,   -1.0998,   -0.5832,   -0.9091,    1.3609,   -0.0692,    0.0266,    1.3621,   -0.0479,    0.0118,   11.1632,   -4.0110,    1.1144,    1.3060,    0.0760
 8560.0977,   -1.2404,    0.2006,   -0.5236,    1.3688,   -0.0826,   -0.0131,    1.3695,   -0.0699,   -0.0098,   11.4981,   -4.0230,    1.1100,    1.2590,    0.0710
 8560.3477,   -0.5469,   -0.4039,    0.0565,    1.4226,   -0.1216,    0.0021,    1.4225,   -0.1230,   -0.0091,   11.8515,   -4.0199,    1.1121,    1.3820,    0.0730
 8560.5977,   -0.5965,   -0.1185,    0.5899,    1.4035,   -0.0145,   -0.0033,    1.4032,   -0.0289,   -0.0065,   12.2047,   -4.0280,    1.1143,    1.3660,    0.0730
 8560.8584,   -1.1498,   -0.8854,    1.6466,    1.3171,   -0.0836,    0.0350,    1.3145,   -0.1217,    0.0123,   12.5636,   -4.0319,    1.1247,    1.3530,    0.0680
 8561.0977,   -1.1268,   -0.7081,    1.6231,    1.4255,    0.0395,    0.0381,    1.4264,   -0.0013,    0.0204,   12.8881,   -4.0334,    1.1315,    1.2750,    0.0650
 8561.3477,   -0.5946,   -0.5719,    1.7034,    1.3909,    0.0332,    0.0121,    1.3913,   -0.0081,   -0.0018,   13.2303,   -4.0266,    1.1394,    1.3130,    0.0560
 8561.5879,   -1.2735,   -0.4164,    1.5513,    1.3440,    0.0427,   -0.0027,    1.3446,    0.0066,   -0.0123,   13.5654,   -4.0380,    1.1444,    1.3550,    0.0690
 8561.8682,   -1.2584,    0.1116,    2.0055,    1.3486,    0.0070,   -0.0284,    1.3481,   -0.0396,   -0.0266,   13.9485,   -4.0383,    1.1484,    1.3480,    0.0650
 8562.0977,   -1.2341,   -0.1094,    1.9080,    1.3176,    0.0410,    0.0242,    1.3183,   -0.0033,    0.0216,   14.2549,   -4.0396,    1.1553,    1.3050,    0.0680
 8562.3379,   -1.2371,   -0.8810,    1.8378,    1.3103,   -0.0130,    0.0232,    1.3094,   -0.0551,    0.0019,   14.5735,   -4.0408,    1.1651,    1.2770,    0.0680
 8562.5977,   -0.9646,   -1.1147,    1.0848,    1.4248,    0.0672,    0.0404,    1.4263,    0.0400,    0.0134,   14.9310,   -4.0450,    1.1750,    1.2680,    0.0640
 8562.8584,   -1.6080,   -0.8833,    1.2438,    1.4682,   -0.1136,    0.0735,    1.4663,   -0.1468,    0.0468,   15.3112,   -4.0591,    1.1849,    1.4000,    0.0640
 8563.1084,   -1.1566,   -0.5117,    1.8773,    1.3319,   -0.0367,    0.0256,    1.3301,   -0.0805,    0.0121,   15.6535,   -4.0557,    1.1904,    1.3700,    0.0650
 8563.3477,   -1.3595,   -0.4861,    1.2678,    1.3276,   -0.0661,    0.0533,    1.3262,   -0.0964,    0.0398,   15.9682,   -4.0683,    1.1954,    1.2540,    0.0650
 8563.5977,   -1.1978,   -0.7782,    1.5222,    1.3324,   -0.0807,    0.0431,    1.3303,   -0.1166,    0.0226,   16.2957,   -4.0709,    1.2014,    1.2510,    0.0610
 8563.8477,   -1.4426,   -0.9278,    1.3693,    1.3006,   -0.0073,    0.0365,    1.3005,   -0.0387,    0.0145,   16.6218,   -4.0822,    1.2069,    1.2650,    0.0650
 8564.1084,   -1.1551,   -0.8367,    1.3948,    1.2978,   -0.0621,    0.0459,    1.2964,   -0.0942,    0.0251,   16.9605,   -4.0880,    1.2133,    1.2640,    0.0610
 8564.3477,   -0.8695,   -0.7944,    1.4473,    1.2964,   -0.0537,    0.0283,    1.2949,   -0.0866,    0.0090,   17.2659,   -4.0939,    1.2185,    1.2270,    0.0600
 8564.5977,   -0.9158,   -0.7932,    1.2358,    1.3351,   -0.0618,    0.0138,    1.3335,   -0.0905,   -0.0061,   17.5951,   -4.1063,    1.2221,    1.2800,    0.0650
 8564.8584,   -1.0585,   -0.2876,    1.1957,    1.2745,   -0.0263,   -0.0097,    1.2736,   -0.0525,   -0.0171,   17.9364,   -4.1209,    1.2234,    1.2680,    0.0650
 8565.1182,   -1.1095,   -0.6980,    1.2479,    1.3377,   -0.0718,    0.0633,    1.3365,   -0.1018,    0.0450,   18.2872,   -4.1344,    1.2308,    1.2740,    0.0630
 8565.3477,   -1.0618,   -1.4460,    1.3877,    1.3265,   -0.0333,    0.0060,    1.3250,   -0.0648,   -0.0286,   18.5970,   -4.1453,    1.2380,    1.3260,    0.0640
 8565.5977,   -0.9625,   -1.4022,    1.2186,    1.2863,   -0.0503,    0.0742,    1.2863,   -0.0783,    0.0415,   18.9174,   -4.1593,    1.2476,    1.2160,    0.0630
 8565.8682,   -0.9006,   -0.6047,    1.1652,    1.2833,   -0.0931,    0.0226,    1.2813,   -0.1193,    0.0072,   19.2623,   -4.1743,    1.2517,    1.2310,    0.0610
 8566.0977,   -1.0672,   -1.0901,    1.2685,    1.3246,   -0.0413,    0.0185,    1.3235,   -0.0705,   -0.0080,   19.5625,   -4.1900,    1.2603,    1.2660,    0.0630
 8566.3477,   -1.0063,   -1.2323,    1.0404,    1.2886,   -0.0654,   -0.0029,    1.2868,   -0.0882,   -0.0321,   19.8896,   -4.2063,    1.2634,    1.2310,    0.0650
 8566.5879,   -0.9904,   -0.4666,    1.3538,    1.3202,   -0.1073,   -0.0407,    1.3169,   -0.1376,   -0.0538,   20.2027,   -4.2200,    1.2657,    1.2690,    0.0600
 8566.8477,   -1.1787,   -0.6100,    0.6611,    1.2830,   -0.0589,    0.0214,    1.2824,   -0.0738,    0.0062,   20.5446,   -4.2448,    1.2708,    1.2190,    0.0650
 8567.0977,   -1.3148,   -1.5777,    0.4905,    1.2812,   -0.0705,   -0.0189,    1.2796,   -0.0802,   -0.0560,   20.8778,   -4.2670,    1.2812,    1.2730,    0.0650
 8567.3477,   -1.4769,   -1.0176,    0.5010,    1.2753,   -0.1270,   -0.0184,    1.2737,   -0.1370,   -0.0446,   21.2032,   -4.2873,    1.2832,    1.2750,    0.0640
 8567.5977,   -1.6170,   -0.2691,    0.2756,    1.3614,   -0.1030,    0.0356,    1.3611,   -0.1103,    0.0261,   21.5313,   -4.3114,    1.2833,    1.2410,    0.0650
 8567.8584,   -1.8082,   -0.5766,    0.3605,    1.3251,   -0.1223,    0.0507,    1.3248,   -0.1317,    0.0332,   21.8706,   -4.3357,    1.2844,    1.2990,    0.0630
 8568.1084,   -2.1311,   -0.7427,    0.7209,    1.3128,   -0.1396,    0.0376,    1.3113,   -0.1568,    0.0148,   22.1933,   -4.3579,    1.2874,    1.2460,    0.0630
 8568.3477,   -1.4602,   -0.5901,    0.8183,    1.2272,   -0.0334,   -0.0173,    1.2263,   -0.0502,   -0.0312,   22.4993,   -4.3657,    1.2915,    1.2640,    0.0630
 8568.5977,   -1.6395,    0.0053,    0.7193,    1.1325,   -0.0504,    0.0195,    1.1318,   -0.0652,    0.0178,   22.7956,   -4.3869,    1.2960,    1.1570,    0.0630
 8568.8682,   -1.2884,   -0.5909,    0.8494,    1.0444,   -0.1264,    0.0012,    1.0424,   -0.1416,   -0.0127,   23.0966,   -4.4030,    1.3045,    1.1190,    0.0650
 8569.0977,   -1.7077,   -0.6772,    0.9002,    0.9692,   -0.0919,    0.0401,    0.9680,   -0.1080,    0.0255,   23.3306,   -4.4273,    1.3097,    0.9880,    0.0630
 8569.3477,   -1.2747,   -0.2426,    0.7491,    0.9677,   -0.0959,    0.0446,    0.9666,   -0.1094,    0.0381,   23.5750,   -4.4427,    1.3142,    0.9430,    0.0620
 8569.6084,   -0.9408,   -0.4188,    0.8015,    0.8573,   -0.1063,    0.0053,    0.8558,   -0.1183,   -0.0029,   23.8173,   -4.4616,    1.3164,    0.9130,    0.0680
 8569.8584,   -0.7478,   -0.3398,    0.8233,    0.7819,   -0.1277,    0.0092,    0.7800,   -0.1390,    0.0027,   24.0226,   -4.4827,    1.3171,    0.7990,    0.0690
 8570.0977,   -0.6537,    0.1260,    0.3518,    0.7402,   -0.0824,    0.0184,    0.7396,   -0.0872,    0.0190,   24.2045,   -4.5073,    1.3178,    0.7390,    0.0680
 8570.3477,   -0.5386,   -0.1713,    0.3128,    0.6125,   -0.0457,    0.0020,    0.6122,   -0.0491,   -0.0003,   24.3751,   -4.5322,    1.3211,    0.6550,    0.0710
 8570.5977,   -0.5727,   -0.2505,    0.0720,    0.4824,   -0.0909,    0.0004,    0.4823,   -0.0915,   -0.0027,   24.5149,   -4.5592,    1.3234,    0.5640,    0.0710
 8570.8584,   -0.6124,   -0.2778,    0.3033,    0.3443,   -0.0907,    0.0040,    0.3439,   -0.0925,    0.0014,   24.6258,   -4.5851,    1.3265,    0.4250,    0.0700
 8571.0879,   -0.6111,   -0.2445,    0.1510,    0.2055,   -0.1120,    0.0150,    0.2053,   -0.1127,    0.0129,   24.6887,   -4.6112,    1.3286,    0.2090,    0.0670
 8571.3477,   -0.5668,   -0.2699,    0.1888,    0.1432,   -0.1160,    0.0074,    0.1429,   -0.1166,    0.0056,   24.7336,   -4.6383,    1.3313,    0.0920,    0.0650
 8571.5977,   -0.4858,   -0.2347,    0.2016,    0.1009,   -0.1064,    0.0077,    0.1006,   -0.1068,    0.0064,   24.7650,   -4.6642,    1.3337,    0.0450,    0.0670
 8571.8682,   -0.4795,   -0.2136,    0.2140,    0.0739,   -0.1084,    0.0114,    0.0735,   -0.1088,    0.0102,   24.7896,   -4.6932,    1.3366,    0.0220,    0.0650
 8572.0977,   -0.4763,   -0.2321,    0.2122,    0.0684,   -0.1073,    0.0096,    0.0680,   -0.1076,    0.0085,   24.8071,   -4.7177,    1.3394,    0.0070,    0.0710
